{
	"links": [{
			"testcases": "['552 : test_log_default', '551 : test_captbill_logging_multitask', '345 : test_log_admin_changes_resource_internal_split_rate_table_for_different_usertypes']",
			"strength": "3",
			"target": "multipletasks(Fluent)",
			"source": "Fluent()"
		}, {
			"testcases": "['789 : test_import_all_fields_mapping_is_same', '566 : test_import_with_udf_fields', '601 : test_import_standard_fields_mapping_is_same', '565 : test_import_manual_standard_fieldmapping']",
			"strength": "4",
			"target": "data_import()",
			"source": "Fluent()"
		}, {
			"testcases": "['365 : test_entries_for_different_usertypes', '689 : test_demo_for_different_usertypes', '345 : test_log_admin_changes_resource_internal_split_rate_table_for_different_usertypes']",
			"strength": "3",
			"target": "user()",
			"source": "Fluent()"
		}, {
			"testcases": "['552 : test_log_default', '551 : test_captbill_logging_multitask']",
			"strength": "2",
			"target": "timesheet()",
			"source": "Fluent()"
		}, {
			"testcases": "['365 : test_entries_for_different_usertypes', '689 : test_demo_for_different_usertypes']",
			"strength": "2",
			"target": "project()",
			"source": "Fluent()"
		}, {
			"testcases": "['365 : test_entries_for_different_usertypes', '689 : test_demo_for_different_usertypes']",
			"strength": "2",
			"target": "task()",
			"source": "project()"
		}, {
			"testcases": "['789 : test_import_all_fields_mapping_is_same', '566 : test_import_with_udf_fields', '601 : test_import_standard_fields_mapping_is_same', '565 : test_import_manual_standard_fieldmapping']",
			"strength": "4",
			"target": "create_for_entity(data_import)",
			"source": "data_import()"
		}, {
			"testcases": "['552 : test_log_default', '365 : test_entries_for_different_usertypes', '689 : test_demo_for_different_usertypes', '551 : test_captbill_logging_multitask', '345 : test_log_admin_changes_resource_internal_split_rate_table_for_different_usertypes']",
			"strength": "5",
			"target": "log(timesheet)",
			"source": "timesheet()"
		}, {
			"testcases": "['345 : test_log_admin_changes_resource_internal_split_rate_table_for_different_usertypes']",
			"strength": "1",
			"target": "set_internalrate(user)",
			"source": "user()"
		}, {
			"testcases": "['365 : test_entries_for_different_usertypes', '689 : test_demo_for_different_usertypes', '345 : test_log_admin_changes_resource_internal_split_rate_table_for_different_usertypes']",
			"strength": "3",
			"target": "login(user)",
			"source": "user()"
		}, {
			"testcases": "['365 : test_entries_for_different_usertypes', '689 : test_demo_for_different_usertypes']",
			"strength": "2",
			"target": "childtask(task)",
			"source": "task()"
		}, {
			"testcases": "['565 : test_import_manual_standard_fieldmapping']",
			"strength": "1",
			"target": "with_default_category(data_import)",
			"source": "create_for_entity(data_import)"
		}, {
			"testcases": "['566 : test_import_with_udf_fields']",
			"strength": "1",
			"target": "with_default_status(data_import)",
			"source": "create_for_entity(data_import)"
		}, {
			"testcases": "['789 : test_import_all_fields_mapping_is_same', '601 : test_import_standard_fields_mapping_is_same']",
			"strength": "2",
			"target": "where_field_mapping_is(data_import)",
			"source": "create_for_entity(data_import)"
		}, {
			"testcases": "['552 : test_log_default', '365 : test_entries_for_different_usertypes', '689 : test_demo_for_different_usertypes', '551 : test_captbill_logging_multitask', '345 : test_log_admin_changes_resource_internal_split_rate_table_for_different_usertypes']",
			"strength": "5",
			"target": "set_entries(timesheet)",
			"source": "log(timesheet)"
		}, {
			"testcases": "['345 : test_log_admin_changes_resource_internal_split_rate_table_for_different_usertypes']",
			"strength": "1",
			"target": "not_billable(timesheet)",
			"source": "log(timesheet)"
		}, {
			"testcases": "['345 : test_log_admin_changes_resource_internal_split_rate_table_for_different_usertypes']",
			"strength": "1",
			"target": "set_internalrate(user)",
			"source": "set_internalrate(user)"
		}, {
			"testcases": "['365 : test_entries_for_different_usertypes', '689 : test_demo_for_different_usertypes', '345 : test_log_admin_changes_resource_internal_split_rate_table_for_different_usertypes']",
			"strength": "3",
			"target": "timesheet()",
			"source": "login(user)"
		}, {
			"testcases": "['689 : test_demo_for_different_usertypes']",
			"strength": "1",
			"target": "childtask(task)",
			"source": "childtask(task)"
		}, {
			"testcases": "['566 : test_import_with_udf_fields']",
			"strength": "1",
			"target": "include_only_udf_fields(data_import)",
			"source": "where_field_mapping_is(data_import)"
		}, {
			"testcases": "['565 : test_import_manual_standard_fieldmapping', '601 : test_import_standard_fields_mapping_is_same']",
			"strength": "2",
			"target": "include_only_standard_fields(data_import)",
			"source": "where_field_mapping_is(data_import)"
		}, {
			"testcases": "['789 : test_import_all_fields_mapping_is_same']",
			"strength": "1",
			"target": "include_both_standard_and_udf_fields(data_import)",
			"source": "where_field_mapping_is(data_import)"
		}, {
			"testcases": "['789 : test_import_all_fields_mapping_is_same']",
			"strength": "1",
			"target": "populate_dynamic_data_to_excel_file(data_import)",
			"source": "include_both_standard_and_udf_fields(data_import)"
		}, {
			"testcases": "['789 : test_import_all_fields_mapping_is_same', '566 : test_import_with_udf_fields', '601 : test_import_standard_fields_mapping_is_same', '565 : test_import_manual_standard_fieldmapping']",
			"strength": "4",
			"target": "import_file(data_import)",
			"source": "populate_dynamic_data_to_excel_file(data_import)"
		}, {
			"testcases": "['789 : test_import_all_fields_mapping_is_same', '566 : test_import_with_udf_fields', '601 : test_import_standard_fields_mapping_is_same', '565 : test_import_manual_standard_fieldmapping']",
			"strength": "4",
			"target": "verify(data_import)",
			"source": "import_file(data_import)"
		}, {
			"testcases": "['565 : test_import_manual_standard_fieldmapping', '601 : test_import_standard_fields_mapping_is_same']",
			"strength": "2",
			"target": "populate_dynamic_data_to_excel_file(data_import)",
			"source": "include_only_standard_fields(data_import)"
		}, {
			"testcases": "['566 : test_import_with_udf_fields']",
			"strength": "1",
			"target": "where_field_mapping_is(data_import)",
			"source": "with_default_category(data_import)"
		}, {
			"testcases": "['565 : test_import_manual_standard_fieldmapping']",
			"strength": "1",
			"target": "with_default_status(data_import)",
			"source": "with_default_category(data_import)"
		}, {
			"testcases": "['565 : test_import_manual_standard_fieldmapping']",
			"strength": "1",
			"target": "where_field_mapping_is(data_import)",
			"source": "with_default_status(data_import)"
		}, {
			"testcases": "['566 : test_import_with_udf_fields']",
			"strength": "1",
			"target": "with_default_category(data_import)",
			"source": "with_default_status(data_import)"
		}, {
			"testcases": "['566 : test_import_with_udf_fields']",
			"strength": "1",
			"target": "populate_dynamic_data_to_excel_file(data_import)",
			"source": "include_only_udf_fields(data_import)"
		}, {
			"testcases": "['552 : test_log_default', '365 : test_entries_for_different_usertypes', '689 : test_demo_for_different_usertypes', '551 : test_captbill_logging_multitask', '345 : test_log_admin_changes_resource_internal_split_rate_table_for_different_usertypes']",
			"strength": "5",
			"target": "save(timesheet)",
			"source": "set_entries(timesheet)"
		}, {
			"testcases": "['552 : test_log_default', '365 : test_entries_for_different_usertypes', '689 : test_demo_for_different_usertypes', '551 : test_captbill_logging_multitask', '345 : test_log_admin_changes_resource_internal_split_rate_table_for_different_usertypes']",
			"strength": "5",
			"target": "log(timesheet)",
			"source": "save(timesheet)"
		}, {
			"testcases": "['552 : test_log_default', '551 : test_captbill_logging_multitask']",
			"strength": "2",
			"target": "verify_rollups(timesheet)",
			"source": "save(timesheet)"
		}, {
			"testcases": "['365 : test_entries_for_different_usertypes', '689 : test_demo_for_different_usertypes', '345 : test_log_admin_changes_resource_internal_split_rate_table_for_different_usertypes']",
			"strength": "3",
			"target": "logout(timesheet)",
			"source": "save(timesheet)"
		}, {
			"testcases": "['345 : test_log_admin_changes_resource_internal_split_rate_table_for_different_usertypes']",
			"strength": "1",
			"target": "set_entries(timesheet)",
			"source": "not_billable(timesheet)"
		}, {
			"testcases": "['365 : test_entries_for_different_usertypes', '689 : test_demo_for_different_usertypes', '345 : test_log_admin_changes_resource_internal_split_rate_table_for_different_usertypes']",
			"strength": "3",
			"target": "verify_rollups(timesheet)",
			"source": "logout(timesheet)"
		}
	],
	"nodes": [{
			"id": "Fluent",
			"type": ["Entity"],
			"index": 7,
			"label": "Fluent()"
		}, {
			"id": "project",
			"type": ["Entity"],
			"index": 8,
			"label": "project()"
		}, {
			"id": "data_import",
			"type": ["Entity"],
			"index": 9,
			"label": "data_import()"
		}, {
			"id": "timesheet",
			"type": ["Entity"],
			"index": 10,
			"label": "timesheet()"
		}, {
			"id": "user",
			"type": ["Entity"],
			"index": 11,
			"label": "user()"
		}, {
			"id": "task",
			"type": ["Entity"],
			"index": 12,
			"label": "task()"
		}, {
			"id": "create_for_entity",
			"type": ["Atom"],
			"index": 13,
			"label": "create_for_entity(data_import)"
		}, {
			"id": "multipletasks",
			"type": ["Atom"],
			"index": 14,
			"label": "multipletasks(Fluent)"
		}, {
			"id": "log",
			"type": ["Atom"],
			"index": 15,
			"label": "log(timesheet)"
		}, {
			"id": "set_internalrate",
			"type": ["Atom"],
			"index": 16,
			"label": "set_internalrate(user)"
		}, {
			"id": "login",
			"type": ["Atom"],
			"index": 17,
			"label": "login(user)"
		}, {
			"id": "childtask",
			"type": ["Atom"],
			"index": 18,
			"label": "childtask(task)"
		}, {
			"id": "where_field_mapping_is",
			"type": ["Atom"],
			"index": 19,
			"label": "where_field_mapping_is(data_import)"
		}, {
			"id": "include_both_standard_and_udf_fields",
			"type": ["Atom"],
			"index": 20,
			"label": "include_both_standard_and_udf_fields(data_import)"
		}, {
			"id": "populate_dynamic_data_to_excel_file",
			"type": ["Atom"],
			"index": 21,
			"label": "populate_dynamic_data_to_excel_file(data_import)"
		}, {
			"id": "import_file",
			"type": ["Atom"],
			"index": 22,
			"label": "import_file(data_import)"
		}, {
			"id": "include_only_standard_fields",
			"type": ["Atom"],
			"index": 23,
			"label": "include_only_standard_fields(data_import)"
		}, {
			"id": "with_default_category",
			"type": ["Atom"],
			"index": 24,
			"label": "with_default_category(data_import)"
		}, {
			"id": "with_default_status",
			"type": ["Atom"],
			"index": 25,
			"label": "with_default_status(data_import)"
		}, {
			"id": "include_only_udf_fields",
			"type": ["Atom"],
			"index": 26,
			"label": "include_only_udf_fields(data_import)"
		}, {
			"id": "set_entries",
			"type": ["Atom"],
			"index": 27,
			"label": "set_entries(timesheet)"
		}, {
			"id": "save",
			"type": ["Atom"],
			"index": 28,
			"label": "save(timesheet)"
		}, {
			"id": "not_billable",
			"type": ["Atom"],
			"index": 29,
			"label": "not_billable(timesheet)"
		}, {
			"id": "logout",
			"type": ["Atom"],
			"index": 30,
			"label": "logout(timesheet)"
		}, {
			"id": "verify",
			"type": ["Atom"],
			"index": 31,
			"label": "verify(data_import)"
		}, {
			"id": "verify_rollups",
			"type": ["Atom"],
			"index": 32,
			"label": "verify_rollups(timesheet)"
		}
	]
}